{
  "properties": {
    "connectionReferences": {
      "shared_planner": {
        "runtimeSource": "invoker",
        "connection": {
          "connectionReferenceLogicalName": "veh_sharedplanner_d89e7"
        },
        "api": {
          "name": "shared_planner"
        }
      }
    },
    "definition": {
      "$schema": "https://schema.management.azure.com/providers/Microsoft.Logic/schemas/2016-06-01/workflowdefinition.json#",
      "contentVersion": "1.0.0.0",
      "parameters": {
        "$connections": {
          "defaultValue": {},
          "type": "Object"
        },
        "$authentication": {
          "defaultValue": {},
          "type": "SecureObject"
        }
      },
      "triggers": {
        "manual": {
          "metadata": {
            "operationMetadataId": "da9af39c-1179-4fd9-ba42-56b5425b40ae"
          },
          "type": "Request",
          "kind": "Button",
          "inputs": {
            "schema": {
              "type": "object",
              "properties": {},
              "required": []
            }
          }
        }
      },
      "actions": {
        "List_buckets": {
          "runAfter": {},
          "metadata": {
            "operationMetadataId": "0cec6926-9875-4113-a943-68b01709831f"
          },
          "type": "OpenApiConnection",
          "inputs": {
            "host": {
              "connectionName": "shared_planner",
              "operationId": "ListBuckets_V3",
              "apiId": "/providers/Microsoft.PowerApps/apis/shared_planner"
            },
            "parameters": {
              "groupId": "95d1e023-925e-4674-b093-34539cc3b12f",
              "id": "sA_CzMjQuEWjLAMgj3yzZ4IAFH6a"
            },
            "authentication": {
              "type": "Raw",
              "value": "@json(decodeBase64(triggerOutputs().headers['X-MS-APIM-Tokens']))['$ConnectionKey']"
            }
          }
        }
      }
    },
    "templateName": null
  },
  "schemaVersion": "1.0.0.0"
}