{
  "properties": {
    "connectionReferences": {
      "shared_planner_2": {
        "runtimeSource": "embedded",
        "connection": {
          "connectionReferenceLogicalName": "veh_sharedplanner_d89e7"
        },
        "api": {
          "name": "shared_planner"
        }
      },
      "shared_planner_1": {
        "runtimeSource": "embedded",
        "connection": {
          "connectionReferenceLogicalName": "veh_sharedplanner_d89e7"
        },
        "api": {
          "name": "shared_planner"
        }
      }
    },
    "definition": {
      "$schema": "https://schema.management.azure.com/providers/Microsoft.Logic/schemas/2016-06-01/workflowdefinition.json#",
      "contentVersion": "1.0.0.0",
      "parameters": {
        "$connections": {
          "defaultValue": {},
          "type": "Object"
        },
        "$authentication": {
          "defaultValue": {},
          "type": "SecureObject"
        }
      },
      "triggers": {
        "Recurrence": {
          "recurrence": {
            "frequency": "Day",
            "interval": 1,
            "startTime": "2021-11-16T15:00:00Z"
          },
          "metadata": {
            "operationMetadataId": "ce61dcd9-0619-4635-a74b-34aaebd8dbcc"
          },
          "type": "Recurrence"
        }
      },
      "actions": {
        "List_tasks_in_Office_365_Message_Center_Updates_plan": {
          "runAfter": {},
          "metadata": {
            "operationMetadataId": "a30f3d1a-6df9-4790-826c-6e86feba0c85"
          },
          "type": "OpenApiConnection",
          "inputs": {
            "host": {
              "connectionName": "shared_planner_2",
              "operationId": "ListTasks_V3",
              "apiId": "/providers/Microsoft.PowerApps/apis/shared_planner"
            },
            "parameters": {
              "groupId": "95d1e023-925e-4674-b093-34539cc3b12f",
              "id": "sA_CzMjQuEWjLAMgj3yzZ4IAFH6a"
            },
            "authentication": "@parameters('$authentication')"
          },
          "runtimeConfiguration": {
            "paginationPolicy": {
              "minimumItemCount": 4000
            }
          }
        },
        "Apply_to_each": {
          "foreach": "@outputs('List_tasks_in_Office_365_Message_Center_Updates_plan')?['body/value']",
          "actions": {
            "Condition": {
              "actions": {
                "Set_variable": {
                  "runAfter": {},
                  "metadata": {
                    "operationMetadataId": "f1a20fe0-ba83-4e41-9797-0ce41e7dffc7"
                  },
                  "type": "SetVariable",
                  "inputs": {
                    "name": "Service",
                    "value": "@items('Apply_to_each')?['title']"
                  },
                  "description": "Get the Title"
                },
                "Service_Name": {
                  "runAfter": {
                    "Set_variable": [
                      "Succeeded"
                    ]
                  },
                  "metadata": {
                    "operationMetadataId": "993c45b2-19f5-4c6b-9837-8b5c93ffc2dd"
                  },
                  "type": "Compose",
                  "inputs": "@trim(split(split(variables('Service'),'[')[1],']')[0])"
                },
                "List_buckets": {
                  "runAfter": {
                    "Get_task_details_2": [
                      "Succeeded"
                    ]
                  },
                  "metadata": {
                    "operationMetadataId": "251bdae2-eee7-4260-b66c-1d6c87bd524b"
                  },
                  "type": "OpenApiConnection",
                  "inputs": {
                    "host": {
                      "connectionName": "shared_planner_1",
                      "operationId": "ListBuckets_V3",
                      "apiId": "/providers/Microsoft.PowerApps/apis/shared_planner"
                    },
                    "parameters": {
                      "groupId": "95d1e023-925e-4674-b093-34539cc3b12f",
                      "id": "sA_CzMjQuEWjLAMgj3yzZ4IAFH6a"
                    },
                    "authentication": "@parameters('$authentication')"
                  },
                  "description": "List all buckets in this Plan (i.e. get the different Services buckets)"
                },
                "get_bucket_by_name": {
                  "runAfter": {
                    "List_buckets": [
                      "Succeeded"
                    ]
                  },
                  "metadata": {
                    "operationMetadataId": "c5adcecb-d833-44c5-9dd6-33cda6ef07b1"
                  },
                  "type": "Query",
                  "inputs": {
                    "from": "@outputs('List_buckets')?['body/value']",
                    "where": "@equals(item()?['name'], outputs('Service_Name'))"
                  }
                },
                "Apply_to_each_2": {
                  "foreach": "@body('get_bucket_by_name')",
                  "actions": {
                    "Update_a_task_(V2)": {
                      "runAfter": {},
                      "metadata": {
                        "operationMetadataId": "c818e8e6-3bc2-493d-91a8-ef0ff00a659b"
                      },
                      "type": "OpenApiConnection",
                      "inputs": {
                        "host": {
                          "connectionName": "shared_planner_1",
                          "operationId": "UpdateTask_V3",
                          "apiId": "/providers/Microsoft.PowerApps/apis/shared_planner"
                        },
                        "parameters": {
                          "id": "@items('Apply_to_each')?['id']",
                          "body/bucketId": "@items('Apply_to_each_2')?['id']",
                          "body/appliedCategories/category1": "@contains(outputs('Get_task_details_2')?['body/description'],'Data privacy')",
                          "body/appliedCategories/category2": "@contains(outputs('Get_task_details_2')?['body/description'],'Admin impact')",
                          "body/appliedCategories/category3": "@contains(outputs('Get_task_details_2')?['body/description'],'Feature update')",
                          "body/appliedCategories/category4": "@contains(outputs('Get_task_details_2')?['body/description'],'New feature')",
                          "body/appliedCategories/category5": "@contains(outputs('Get_task_details_2')?['body/description'],'Major update')",
                          "body/appliedCategories/category6": "@contains(outputs('Get_task_details_2')?['body/description'],'User impact')",
                          "body/appliedCategories/category7": "@contains(outputs('Get_task_details_2')?['body/description'],'Retirement')"
                        },
                        "authentication": "@parameters('$authentication')"
                      }
                    }
                  },
                  "runAfter": {
                    "get_bucket_by_name": [
                      "Succeeded"
                    ]
                  },
                  "metadata": {
                    "operationMetadataId": "e4e135af-4f4b-42ff-b567-c5c30de77a46"
                  },
                  "type": "Foreach"
                },
                "Get_task_details_2": {
                  "runAfter": {
                    "Service_Name": [
                      "Succeeded"
                    ]
                  },
                  "metadata": {
                    "operationMetadataId": "13bf2da4-a03c-4c08-8d24-0d6c90433de3"
                  },
                  "type": "OpenApiConnection",
                  "inputs": {
                    "host": {
                      "connectionName": "shared_planner_1",
                      "operationId": "GetTaskDetails_V2",
                      "apiId": "/providers/Microsoft.PowerApps/apis/shared_planner"
                    },
                    "parameters": {
                      "id": "@items('Apply_to_each')?['id']"
                    },
                    "authentication": "@parameters('$authentication')"
                  }
                }
              },
              "runAfter": {},
              "expression": {
                "equals": [
                  "@items('Apply_to_each')?['bucketId']",
                  "0CGXPBe5Zk2arlDk39gzCYIACKPm"
                ]
              },
              "metadata": {
                "operationMetadataId": "ef86c598-df30-4c04-b5b5-da211e1543c2"
              },
              "type": "If",
              "description": "If this is the Bucket where all messages get sync'ed (i.e. \"All Messages\" bucket)"
            }
          },
          "runAfter": {
            "Initialize_variable": [
              "Succeeded"
            ]
          },
          "metadata": {
            "operationMetadataId": "3f8e85e6-14fa-4b4e-b665-9da84cb0a08c"
          },
          "type": "Foreach"
        },
        "Initialize_variable": {
          "runAfter": {
            "List_tasks_in_Office_365_Message_Center_Updates_plan": [
              "Succeeded"
            ]
          },
          "metadata": {
            "operationMetadataId": "8dbef1e4-b11d-4b7b-997f-0f81b3523995"
          },
          "type": "InitializeVariable",
          "inputs": {
            "variables": [
              {
                "name": "Service",
                "type": "string",
                "value": "''"
              }
            ]
          }
        }
      }
    },
    "templateName": ""
  },
  "schemaVersion": "1.0.0.0"
}